A1,3000
B1,3001
C1,3002
D1,3003
E1,3004
F1,3005
G1,3006
H1,3007
A2,3008
B2,3009
C2,3010
D2,3011
E2,3012
F2,3013
G2,3014
H2,3015
A3,3016
B3,3017
C3,3018
D3,3019
E3,3020
F3,3021
G3,3022
H3,3023
A4,3024
B4,3025
C4,3026
D4,3027
E4,3028
F4,3029
G4,3030
H4,3031
A5,3032
B5,3033
C5,3034
D5,3035
E5,3036
F5,3037
G5,3038
H5,3039
A6,3040
B6,3041
C6,3042
D6,3043
E6,3044
F6,3045
G6,3046
H6,3047
A7,3048
B7,3049
C7,3050
D7,3051
E7,3052
F7,3053
G7,3054
H7,3055
A8,3056
B8,3057
C8,3058
D8,3059
E8,3060
F8,3061
G8,3062
H8,3063
A9,3064
B9,3065
C9,3066
D9,3067
E9,3068
F9,3069
G9,3070
H9,3071
A10,3072
B10,3073
C10,3074
D10,3075
E10,3076
F10,3077
G10,3078
H10,3079
A11,3080
B11,3081
C11,3082
D11,3083
E11,3084
F11,3085
G11,3086
H11,3087
A12,3088
B12,3089
C12,3090
D12,3091
E12,3092
F12,3093
G12,3094
H12,3095
